{"cameraMode":{"drawMode":0,"name":"Shaded","section":"Shading Mode"},"sceneLighting":true,"audioPlay":false,"sceneViewState":{"m_AlwaysRefresh":false,"showFog":true,"showSkybox":true,"showFlares":true,"showImageEffects":true,"showParticleSystems":true,"showVisualEffectGraphs":true,"m_FxEnabled":true},"in2DMode":false,"pivot":{"x":-0.6270455718040466,"y":1.0274889469146729,"z":22.32320785522461},"rotation":{"x":0.21154969930648805,"y":0.37224799394607546,"z":-0.08755222707986832,"w":0.8994516134262085},"size":5.283698081970215,"orthographic":true}